2022,https://sol.sbc.org.br/index.php/sbgames_estendido/article/view/23636
2022,https://sol.sbc.org.br/index.php/sbgames_estendido/article/view/23641
2022,https://sol.sbc.org.br/index.php/sbgames_estendido/article/view/23643
2022,https://sol.sbc.org.br/index.php/sbgames_estendido/article/view/23644
2022,https://sol.sbc.org.br/index.php/sbgames_estendido/article/view/23645
2022,https://sol.sbc.org.br/index.php/sbgames_estendido/article/view/23647
2022,https://sol.sbc.org.br/index.php/sbgames_estendido/article/view/23656
2022,https://sol.sbc.org.br/index.php/sbgames_estendido/article/view/23670
2022,https://sol.sbc.org.br/index.php/sbgames_estendido/article/view/23673
2022,https://sol.sbc.org.br/index.php/sbgames_estendido/article/view/23674
2022,https://sol.sbc.org.br/index.php/sbgames_estendido/article/view/23675
2022,https://sol.sbc.org.br/index.php/sbgames_estendido/article/view/23705
2022,https://sol.sbc.org.br/index.php/sbgames_estendido/article/view/23714
2022,https://sol.sbc.org.br/index.php/sbgames_estendido/article/view/23721
2022,https://sol.sbc.org.br/index.php/sbgames_estendido/article/view/23726
2022,https://sol.sbc.org.br/index.php/sbgames_estendido/article/view/23731
2022,https://sol.sbc.org.br/index.php/sbgames_estendido/article/view/23743
2022,https://sol.sbc.org.br/index.php/sbgames_estendido/article/view/23753
2022,https://sol.sbc.org.br/index.php/sbgames_estendido/article/view/23754
2022,https://sol.sbc.org.br/index.php/sbgames_estendido/article/view/23764
2022,https://sol.sbc.org.br/index.php/sbgames_estendido/article/view/23766
2022,https://sol.sbc.org.br/index.php/sbgames_estendido/article/view/23784
2022,https://sol.sbc.org.br/index.php/sbgames_estendido/article/view/23789
2022,https://sol.sbc.org.br/index.php/sbgames_estendido/article/view/23796
2022,https://sol.sbc.org.br/index.php/sbgames_estendido/article/view/23803
2021,https://sol.sbc.org.br/index.php/sbgames_estendido/article/view/19625
2021,https://sol.sbc.org.br/index.php/sbgames_estendido/article/view/19627
2021,https://sol.sbc.org.br/index.php/sbgames_estendido/article/view/19629
2021,https://sol.sbc.org.br/index.php/sbgames_estendido/article/view/19637
2021,https://sol.sbc.org.br/index.php/sbgames_estendido/article/view/19641
2021,https://sol.sbc.org.br/index.php/sbgames_estendido/article/view/19642
2021,https://sol.sbc.org.br/index.php/sbgames_estendido/article/view/19651
2021,https://sol.sbc.org.br/index.php/sbgames_estendido/article/view/19652
2021,https://sol.sbc.org.br/index.php/sbgames_estendido/article/view/19656
2021,https://sol.sbc.org.br/index.php/sbgames_estendido/article/view/19684
2021,https://sol.sbc.org.br/index.php/sbgames_estendido/article/view/19695
2021,https://sol.sbc.org.br/index.php/sbgames_estendido/article/view/19704
2021,https://sol.sbc.org.br/index.php/sbgames_estendido/article/view/19723
2021,https://sol.sbc.org.br/index.php/sbgames_estendido/article/view/19725
2021,https://sol.sbc.org.br/index.php/sbgames_estendido/article/view/19757
2021,https://sol.sbc.org.br/index.php/sbgames_estendido/article/view/19760
2021,https://sol.sbc.org.br/index.php/sbgames_estendido/article/view/19762
